# Champs de la demande pour les 23 apps éligibles (candidats/historique.tsv), fixés le 06/10/2026 avant le tirage, pour
# que le tirage ne puisse pas les influencer. REGLE.md, « Les essais » : les champs sont fixés avant l’essai.
# - métier : une phrase qui résume le README de l’app à son commit ;
# - emplacement : un onglet « Assistant » si l’app a des onglets (une app Expo dont la navigation principale est un
#   navigateur à onglets d’Expo Router, fichier cité dans la colonne onglets) ; sinon un bouton flottant sur tous les
#   écrans. C’est la règle déjà suivie par les 3 apps construites (fonctions : onglets ; démarre, équipe : bouton).
nom	url	commit	plateforme	metier	emplacement	onglets
flow-finance	https://github.com/Alexandre-Pascal/flow-finance	642880178c93a8206834b1a1b5ca1de9bcd9c7a0	next	Un suivi de finances personnelles : on y voit ses comptes courants et livrets, leurs soldes et ses transactions.	un bouton flottant sur tous les écrans	—
budget-app	https://github.com/AndrerezaMedya/budget-app	f1f3ef1bdbaccaf9933cf8cfceb6d6bb395c2703	next	Un suivi de finances personnelles : on y gère ses comptes, ses catégories, ses transactions et ses budgets.	un bouton flottant sur tous les écrans	—
workout-plan-companion	https://github.com/AndreuCrespo/workout-plan-companion	ebf680c396b90693bbb2aa798d71a23bd7d00e34	expo	Un compagnon de salle de sport : on y suit son plan d'entraînement du mois, ses séances guidées et ses progrès.	un onglet « Assistant »	mobile/app/(tabs)/_layout.tsx
budget_web_app	https://github.com/Ant3xes/budget_web_app	88061f2c29e971375c72c7cc216025f3c78264c3	next	Un suivi budgétaire et bancaire personnel : chacun y suit ses comptes et ses opérations, dans son propre espace.	un bouton flottant sur tous les écrans	—
meditrack-mobile	https://github.com/ChathuraJT/meditrack-mobile	3c1e7b7032250d1762b1688959f4a020fd193da4	expo	Une app de recherche médicale d'une université : les patients s'y inscrivent et y gèrent leur compte, les fonctions médicales sont à venir.	un onglet « Assistant »	src/app/(patient)/(tabs)/_layout.tsx
pups-supabase	https://github.com/MarkMGill/pups-supabase	405d4df786d58a0c1519835085468806b77116ae	expo	Une boutique de chiots : on y parcourt un catalogue de chiots, on remplit son panier et on commande.	un bouton flottant sur tous les écrans	—
smart-budget-application	https://github.com/NikolayAngelov90/Smart-Budget-Application	d8173d6acceda25588b8b9f38ce9956aade38935	next	Un budget personnel : on y note ses dépenses par catégorie, on y fixe ses budgets et on les partage avec son foyer.	un bouton flottant sur tous les écrans	—
medication-tracker	https://github.com/PanagiotisKaraliolios/medication-tracker	cfad84170a40378b684a115b6afe7486fa5f5a2a	expo	Le suivi de ses médicaments : on y note ses traitements, ses rappels et ses prises.	un onglet « Assistant »	app/(tabs)/_layout.tsx
supabase-nextjs-template	https://github.com/Razikus/supabase-nextjs-template	d519bf18d747bc0956346910414db68adb5a45bf	expo	Un modèle d'app SaaS mobile : on y gère son compte, ses fichiers et ses tâches.	un onglet « Assistant »	supabase-expo-template/app/(app)/_layout.tsx
spliteven	https://github.com/SoulSej10/spliteven	9738a20c7f5b893041e5bdf15063374717e6704b	expo	Le partage de dépenses d'un groupe (colocation, voyage, couple, foyer) : on y suit qui doit combien à qui, et on règle.	un onglet « Assistant »	apps/mobile/app/(app)/(tabs)/_layout.tsx
split-free-frontend	https://github.com/abdullahozer11/split-free-frontend	74b661256ea210cccb9aa5bdaa8d5bb55c08abcd	expo	Le partage de dépenses entre amis ou en groupe, réglé avec le moins de virements possible.	un onglet « Assistant »	src/app/(tabs)/_layout.tsx
hikari	https://github.com/antoineross/Hikari	c1f16f54ecc0b804567728f922999ad463af39e6	next	Un modèle d'app SaaS par abonnement : on y gère son compte et son abonnement.	un bouton flottant sur tous les écrans	—
track-training-app	https://github.com/aprescod12/track-training-app	00acb94c39f8ffe3664a789fe35cec4e50e5c204	expo	Le carnet d'entraînement d'un athlète : on y note ses séances sur piste et de musculation, son calendrier et ses performances.	un onglet « Assistant »	app/(tabs)/_layout.tsx
habitquest	https://github.com/battisteb/habitquest	95784afbcf4fa01c00e60e595e60f154ad0e1a00	expo	Un suivi d'habitudes façon jeu de rôle : on y accomplit des quêtes, on gagne de l'expérience et on défie ses amis.	un onglet « Assistant »	app/(tabs)/_layout.tsx
my-saas-boilerplate	https://github.com/bluebridgetechnology/my-saas-boilerplate	bcb20492cdb7d079e294af738081f4685a43f484	next	Un modèle d'app SaaS par abonnement : on y gère son compte, son abonnement et le journal de ses actions.	un bouton flottant sur tous les écrans	—
future-box	https://github.com/ducanhnguyen223/future-box	1482fc519a960f2518713fadea3ce007bf167dd4	expo	Des capsules temporelles personnelles : on y écrit une note, avec une photo, à ouvrir à une date choisie.	un bouton flottant sur tous les écrans	—
expense-sharing	https://github.com/itejaskumbhar/Expense-Sharing	8e6020c14ba07f0fa55fb4883efa906be98b0a08	expo	Le partage de dépenses à plusieurs : on y crée des groupes, on y partage des dépenses et on règle ses dettes.	un onglet « Assistant »	src/app/(app)/(tabs)/_layout.tsx
splitbill	https://github.com/j769chen/splitbill	59a168392ccbf4b43a93b9005d7e5d1868a26251	expo	Le partage d'additions : on y crée des groupes, on y partage des dépenses et on suit qui doit quoi.	un onglet « Assistant »	app/(tabs)/_layout.tsx
gamenight	https://github.com/lekhanakalyanraj/gamenight	faedbae695ac869e7a04ec4d3a3e609c233dae47	next	Une plateforme de jeux de soirée : une télé héberge la partie, et les joueurs jouent depuis leur téléphone.	un bouton flottant sur tous les écrans	—
dbf-fitness	https://github.com/mawadSur/dbf-fitness	e3774e8f97dc247589e7352d5b00e169a1919716	expo	Une app de coaching sportif : les coachs y donnent entraînements et régimes, et les membres y suivent leurs séances et leurs repas.	un onglet « Assistant »	app/(tabs)/_layout.tsx
streakmates	https://github.com/navysum/StreakMates	79c610d7b49c84d0492451bca1d5435b2827ed1b	expo	Un suivi d'habitudes à plusieurs : on y suit ses habitudes, seules ou partagées avec un groupe d'amis.	un onglet « Assistant »	app/(tabs)/_layout.tsx
workout-app	https://github.com/quitefrank/workout-app	52599624243bc961b0906faeaf4ed6f89c76eca1	next	Un carnet de musculation personnel : on y note ses séances, série par série, et on suit ses progrès.	un bouton flottant sur tous les écrans	—
company-invoicing	https://github.com/xtshepana/company-invoicing	e999749419b13064009e57bf02e917af07fd60ad	next	La facturation d'une entreprise : on y gère ses factures, ses paiements et le rapprochement bancaire.	un bouton flottant sur tous les écrans	—
