url	plateforme	commits	racines	fichiers	historique_commun	contenu_commun_max	eligible	raison
https://github.com/Alexandre-Pascal/flow-finance	next	103	1	270	—	9 % (SoulSej10/spliteven)	oui	ni historique commun ni contenu copié
https://github.com/AndrerezaMedya/budget-app	next	202	1	147	—	5 % (Alexandre-Pascal/flow-finance)	oui	ni historique commun ni contenu copié
https://github.com/AndreuCrespo/workout-plan-companion	expo	63	1	142	—	4 % (Razikus/supabase-nextjs-template)	oui	ni historique commun ni contenu copié
https://github.com/Ant3xes/budget_web_app	next	89	1	418	—	2 % (Alexandre-Pascal/flow-finance)	oui	ni historique commun ni contenu copié
https://github.com/ChathuraJT/meditrack-mobile	expo	1	1	89	—	29 % (cz-bszy/paper_sender)	oui	ni historique commun ni contenu copié
https://github.com/MarkMGill/pups-supabase	expo	1	1	42	—	0 %	oui	ni historique commun ni contenu copié
https://github.com/NikolayAngelov90/Smart-Budget-Application	next	319	1	1079	—	0 % (compute-toys/compute.toys)	oui	ni historique commun ni contenu copié
https://github.com/PanagiotisKaraliolios/medication-tracker	expo	76	1	172	—	0 %	oui	ni historique commun ni contenu copié
https://github.com/Razikus/supabase-nextjs-template	expo	50	1	142	—	11 % (aprescod12/track-training-app)	oui	ni historique commun ni contenu copié
https://github.com/SoulSej10/spliteven	expo	83	1	322	—	8 % (Alexandre-Pascal/flow-finance)	oui	ni historique commun ni contenu copié
https://github.com/aaronksaunders/expo-supabase-ai-template	expo	3	1	52	—	10 % (DevKevZeb/compraYa)	non	app des répétitions
https://github.com/abdullahozer11/split-free-frontend	expo	527	1	206	—	19 % (imbhargav5/nextbase-nextjs-supabase-starter)	oui	ni historique commun ni contenu copié
https://github.com/antoineross/Hikari	next	44	1	334	—	1 % (makerkit/react-native-expo-turbo-saas-kit)	oui	ni historique commun ni contenu copié
https://github.com/aprescod12/track-training-app	expo	192	1	145	—	11 % (Razikus/supabase-nextjs-template)	oui	ni historique commun ni contenu copié
https://github.com/battisteb/habitquest	expo	558	1	724	—	0 % (Ant3xes/budget_web_app)	oui	ni historique commun ni contenu copié
https://github.com/bluebridgetechnology/my-saas-boilerplate	next	17	1	306	—	1 % (imbhargav5/nextbase-nextjs-supabase-starter)	oui	ni historique commun ni contenu copié
https://github.com/ducanhnguyen223/future-box	expo	21	1	104	—	22 % (itejaskumbhar/Expense-Sharing)	oui	ni historique commun ni contenu copié
https://github.com/itejaskumbhar/Expense-Sharing	expo	24	1	90	—	34 % (cz-bszy/paper_sender)	oui	ni historique commun ni contenu copié
https://github.com/j769chen/splitbill	expo	135	1	226	—	2 % (aaronksaunders/expo-supabase-ai-template)	oui	ni historique commun ni contenu copié
https://github.com/lekhanakalyanraj/gamenight	next	88	1	311	—	2 % (Alexandre-Pascal/flow-finance)	oui	ni historique commun ni contenu copié
https://github.com/mawadSur/dbf-fitness	expo	41	1	609	—	0 % (Alexandre-Pascal/flow-finance)	oui	ni historique commun ni contenu copié
https://github.com/navysum/StreakMates	expo	81	1	163	—	0 %	oui	ni historique commun ni contenu copié
https://github.com/quitefrank/workout-app	next	92	1	100	—	3 % (Alexandre-Pascal/flow-finance)	oui	ni historique commun ni contenu copié
https://github.com/xtshepana/company-invoicing	next	69	1	329	—	3 % (Ant3xes/budget_web_app)	oui	ni historique commun ni contenu copié
